municipio,regiao,sigla,tipo,nome_estabelecimento,celular
suzano,grande são paulo,sp,salao de beleza,Beauty & Company | Cabeleireiros | Maquiagem | Dia da Noiva | Suzano,(11) 95630-1068
suzano,grande são paulo,sp,salao de beleza,Espaço Angels Oficial,(11) 94559-8409
suzano,grande são paulo,sp,salao de beleza,"NC Beauty Studio - Cílios, Sobrancelha, Lábios e Unhas em Suzano.",(11) 98534-1351
suzano,grande são paulo,sp,salao de beleza,"Salão de beleza Ariana Fujita - Cabeleireira Especialista em Penteado, Loiras, Maquiagem em Suzano",(11) 94289-5292
suzano,grande são paulo,sp,salao de beleza,Studio 22 Beauty,(11) 94071-4746
suzano,grande são paulo,sp,salao de beleza,Extensão de Cílios | Suzano | Studio Kethelyn Nikoly,(11) 98799-2184
suzano,grande são paulo,sp,salao de beleza,Studio 3 Toques de Beleza,(11) 98675-3554
suzano,grande são paulo,sp,salao de beleza,The Hair Spot,(11) 99136-7915
suzano,grande são paulo,sp,salao de beleza,Caren Nobre Studio de Beleza,(11) 97366-4107
suzano,grande são paulo,sp,salao de beleza,Salão de beleza Mika Hair,(11) 94898-6338
suzano,grande são paulo,sp,salao de beleza,couto hair style,(11) 95820-8675
suzano,grande são paulo,sp,salao de beleza,Elegance Salão de Beleza Suzano,(11) 96584-8724
suzano,grande são paulo,sp,salao de beleza,Studio Lash Luísa Vilaça,(11) 98191-7967
suzano,grande são paulo,sp,salao de beleza,SV Centro de Estética • Beleza • Podologia,(11) 97415-4969
suzano,grande são paulo,sp,salao de beleza,Ideall Cabeleireiros,(11) 97280-1140
suzano,grande são paulo,sp,salao de beleza,Santo Cabelo salão e barbearia,(11) 97489-4414
suzano,grande são paulo,sp,salao de beleza,Miriam Tranças especialista em cabelos curtos masculino,(11) 98986-9007
suzano,grande são paulo,sp,salao de beleza,LM Studio & Beauty,(11) 98992-9127
suzano,grande são paulo,sp,salao de beleza,MS Tricologia e Estética,(11) 95771-7977
suzano,grande são paulo,sp,salao de beleza,"Urban Hair & Lounge - Salão em Suzano, especialista em cachos",(11) 96588-6331
suzano,grande são paulo,sp,salao de beleza,Bianca Alamino,(11) 95895-1485
suzano,grande são paulo,sp,salao de beleza,Nilda espaço de beleza,(11) 99725-0188
suzano,grande são paulo,sp,salao de beleza,BRUNA FERREIRA CABELEIREIRA SUZANO- LUZES- PROGRESSIVA- MORENA ILUMINADA-CABELOS COLORIDOS,(11) 99175-9886
suzano,grande são paulo,sp,salao de beleza,Mega Cabelos,(11) 99137-8473
suzano,grande são paulo,sp,salao de beleza,Milton Carvalho Cabeleireiro,(11) 99961-5972
suzano,grande são paulo,sp,salao de beleza,Studio Dona Herma,(11) 91354-3586
suzano,grande são paulo,sp,salao de beleza,Emerson’s Hair Style Cabelereiro em Suzano,(11) 99796-9111
suzano,grande são paulo,sp,salao de beleza,Salão Kataoka,(11) 99711-6201
suzano,grande são paulo,sp,salao de beleza,Sorroche Estética,(11) 99551-8185
suzano,grande são paulo,sp,salao de beleza,Studio Brabas da Leste,(11) 95424-6723
suzano,grande são paulo,sp,salao de beleza,Instituto Ana Hickmann Suzano,(11) 91575-2233
suzano,grande são paulo,sp,salao de beleza,Espaço Valcardh,(11) 99774-2577
suzano,grande são paulo,sp,salao de beleza,Studio Ariane Stefanie,(11) 97151-9186
suzano,grande são paulo,sp,salao de beleza,Studio Dela's,(11) 96204-7417
suzano,grande são paulo,sp,salao de beleza,Camila Estrela Studio,(11) 98691-5099
suzano,grande são paulo,sp,salao de beleza,Aline Studio Hair Suzano,(11) 97414-4090
suzano,grande são paulo,sp,salao de beleza,Ellen Vieira studio de unha,(11) 98702-7186
suzano,grande são paulo,sp,salao de beleza,Luciana Alecrim,(11) 95437-8968
suzano,grande são paulo,sp,salao de beleza,Ateliê das loiras - by Adriana Ruth,(11) 99874-8720
suzano,grande são paulo,sp,salao de beleza,Paula Nascimento,(11) 96282-9526
suzano,grande são paulo,sp,salao de beleza,Studio Art Bela,(11) 95137-8333
suzano,grande são paulo,sp,salao de beleza,Studio Letícia Amorim,(11) 93753-8829
suzano,grande são paulo,sp,salao de beleza,Mayara Marques Especialista em Afros,(11) 93742-3879
suzano,grande são paulo,sp,salao de beleza,Roberta's Cabeleireiros unissex,(11) 95396-4969
suzano,grande são paulo,sp,salao de beleza,Tatiane Cassia Beauty | Nanopigmentação e Remoção a Laser,(11) 94737-5528
suzano,grande são paulo,sp,salao de beleza,Jessica belas unhas,(11) 95836-9215
suzano,grande são paulo,sp,salao de beleza,Analu Espaço de Beleza,(11) 97513-7712
suzano,grande são paulo,sp,salao de beleza,Ateliê de Depilação Estetica e Saúde Unisex,(11) 98235-8043
suzano,grande são paulo,sp,salao de beleza,Spaço Rhea,(11) 91325-2818
suzano,grande são paulo,sp,salao de beleza,Beauty Salon Fernanda Gomes,(11) 99122-4321
suzano,grande são paulo,sp,salao de beleza,Thaina Pereira Beauty - Designer de Sobrancelhas em Suzano,(11) 95080-5050
suzano,grande são paulo,sp,salao de beleza,Espaço Kelly Lourenço,(11) 91455-7664
suzano,grande são paulo,sp,salao de beleza,Studio Poliana Avila,(11) 98211-4986
suzano,grande são paulo,sp,salao de beleza,Studio Gabriela Ruth Beauty | Lash e Designer Suzano,(11) 93383-4425
suzano,grande são paulo,sp,salao de beleza,Tiago Ferrer,(11) 93437-5135
suzano,grande são paulo,sp,salao de beleza,Ingrid Mooreira A Maga Das Sobrancelhas,(11) 97064-1870
suzano,grande são paulo,sp,salao de beleza,MARTA MIRANDA /DHONNA MIRANDA,(11) 96375-9292
suzano,grande são paulo,sp,salao de beleza,Studio Karina Designer,(11) 99434-5867
suzano,grande são paulo,sp,salao de beleza,Salão de beleza - Cabelereira - Manicure - Raffo Vila Helena - Jardim Leblon - Suzano,(11) 96371-5654
suzano,grande são paulo,sp,salao de beleza,Srta.Lavynia MEGA HAIR,(11) 97407-8226
suzano,grande são paulo,sp,salao de beleza,Estética Karoline Zacarioto,(11) 96321-4661
suzano,grande são paulo,sp,salao de beleza,Tutti Belle cabelos e Esmalteria,(11) 97115-7024
suzano,grande são paulo,sp,salao de beleza,Instituto Falcão Escola de Beleza e Estética,(11) 99282-7989
suzano,grande são paulo,sp,salao de beleza,Maquiadora em Suzano | Hemilly Berto Beauty,(11) 95463-5876
suzano,grande são paulo,sp,salao de beleza,Gloria Costa Beauty,(11) 98416-0811
suzano,grande são paulo,sp,salao de beleza,Vitale Studio de Beleza,(11) 98013-5281
suzano,grande são paulo,sp,salao de beleza,Salão de Beleza Unissex,(11) 94377-4242
suzano,grande são paulo,sp,salao de beleza,Studio & Academy SD,(11) 99017-0512
suzano,grande são paulo,sp,salao de beleza,Studio Beleza Express,(11) 99245-6994
suzano,grande são paulo,sp,salao de beleza,LUMIÈRE,(11) 99511-5278
suzano,grande são paulo,sp,salao de beleza,Marília Correa Manicure e terapia,(11) 97888-2958
suzano,grande são paulo,sp,salao de beleza,IBL Lourdes Escola de cabeleireiro e salão de beleza. Suzano são paulo,(11) 96108-6053
suzano,grande são paulo,sp,salao de beleza,Pammela Souza Beauty Concept,(11) 98840-3318
suzano,grande são paulo,sp,salao de beleza,Janaina Castro Studio de Beleza,(11) 98441-8307
suzano,grande são paulo,sp,salao de beleza,Agatha Costa,(11) 97450-6111
suzano,grande são paulo,sp,salao de beleza,Esmalteria Vallim,(11) 97474-8996
suzano,grande são paulo,sp,salao de beleza,Ká Batista nails,(11) 94932-2200
suzano,grande são paulo,sp,salao de beleza,OhDiva Beauty,(11) 99673-7029
suzano,grande são paulo,sp,salao de beleza,Bruna Fernandes manicure e nail designer,(11) 97368-6258
suzano,grande são paulo,sp,salao de beleza,Cida Cabeleireiros,(11) 95118-7814
suzano,grande são paulo,sp,salao de beleza,Laura Moreira Beauty,(11) 97566-9285
suzano,grande são paulo,sp,salao de beleza,Extensão de cílios - Suzano - Jessica Cílios,(11) 99630-7020
suzano,grande são paulo,sp,salao de beleza,Pâmela Nails,(11) 91480-8210
suzano,grande são paulo,sp,salao de beleza,Monteiros Nails Hair,(11) 94270-1146
suzano,grande são paulo,sp,salao de beleza,Consultório Miriam CAETANO Estética,(11) 93092-5089
suzano,grande são paulo,sp,salao de beleza,✂️Cabeleireira Ana Maria | Salão de Cabeleireiro Feminino em Suzano,(11) 97642-0953
suzano,grande são paulo,sp,salao de beleza,Instituto Ju Pires,(11) 91362-4810
suzano,grande são paulo,sp,salao de beleza,Omin Laió,(11) 94901-3537
suzano,grande são paulo,sp,salao de beleza,Studio Célia Almeida Hair,(11) 98495-3178
suzano,grande são paulo,sp,salao de beleza,Lounge Hair,(11) 99756-2000
suzano,grande são paulo,sp,salao de beleza,Studio Hamaue,(11) 95131-6332
suzano,grande são paulo,sp,salao de beleza,Royal Face,(11) 93246-4296
suzano,grande são paulo,sp,salao de beleza,Ale Nascimento Studio,(11) 95436-6312
suzano,grande são paulo,sp,salao de beleza,Studio Nayara Glow Star - Cílios e Alongamento de unhas - lash e nails designer,(11) 96908-1728
suzano,grande são paulo,sp,salao de beleza,Endy Salão dos Sonhos,(11) 97422-6824
suzano,grande são paulo,sp,salao de beleza,Spaço TMT Saúde e Beleza,(11) 99526-6039
suzano,grande são paulo,sp,salao de beleza,Ateliê das unhas Faby Santos,(11) 98798-1440
suzano,grande são paulo,sp,salao de beleza,Espaço Rê manicure,(11) 94941-9241
suzano,grande são paulo,sp,salao de beleza,Dra Amanda Hamaue,(11) 94594-9070
suzano,grande são paulo,sp,salao de beleza,Anna Cizia Studio de Beleza,(11) 96520-9927
suzano,grande são paulo,sp,salao de beleza,Studio Andreia Brunetti & CIA,(11) 91620-0775
suzano,grande são paulo,sp,salao de beleza,Espaço Exclusiva Alendri Santos,(11) 94718-9671
suzano,grande são paulo,sp,salao de beleza,Revolution - Salão Unissex,(11) 99973-5096
suzano,grande são paulo,sp,salao de beleza,Eco Beauty Cabeleireiro Unissex,(11) 95850-3602
suzano,grande são paulo,sp,salao de beleza,Luana Mello - Embelezamento no Olhar,(11) 94230-8223
suzano,grande são paulo,sp,salao de beleza,Ellen Occhi- Esmalteria,(11) 97853-5073
suzano,grande são paulo,sp,salao de beleza,Núbia Maia - Cursos Livres de Estética Facial & Corporal e Visagismo em Suzano,(11) 93418-1284
suzano,grande são paulo,sp,salao de beleza,Studio Lhais Segecs,(11) 93209-7794
suzano,grande são paulo,sp,salao de beleza,Salao Espaço Essência da Beleza,(11) 95736-8111
suzano,grande são paulo,sp,salao de beleza,Studio Layza Beauty,(11) 95819-8071
suzano,grande são paulo,sp,salao de beleza,Deyse Cabeleireira,(11) 96408-4950
suzano,grande são paulo,sp,salao de beleza,DIVA LINDA,(11) 98966-7030
suzano,grande são paulo,sp,salao de beleza,Novo Visual,(11) 97667-6508
suzano,grande são paulo,sp,salao de beleza,Studio Eidi Ferreira,(11) 99015-9998
suzano,grande são paulo,sp,salao de beleza,Espaço TR,(11) 99888-2090
suzano,grande são paulo,sp,salao de beleza,"Estética, depilação, camuflagem é tratamentos.",(11) 97967-7401
suzano,grande são paulo,sp,salao de beleza,Partagé Studio,(11) 95396-7261
suzano,grande são paulo,sp,salao de beleza,Studio Midiã Larissa Boutique de Noivas,(11) 94382-8465
suzano,grande são paulo,sp,salao de beleza,Espaço Thay Xavier,(11) 98030-9386
suzano,grande são paulo,sp,salao de beleza,Studio Larissa Sena,(11) 99629-8879
suzano,grande são paulo,sp,salao de beleza,STUDIO SANDRA ANDRADE,(11) 94805-9676
suzano,grande são paulo,sp,salao de beleza,Studio Terapêutico Bem Estar Moon Blue| Bioconexão| Constelação Familiar| Ozônioterapia suzano,(11) 99008-5505
suzano,grande são paulo,sp,salao de beleza,Boutique Belas Unhas,(11) 96848-3374
suzano,grande são paulo,sp,salao de beleza,Espaço Beatriz Oliveira,(11) 97669-8238
suzano,grande são paulo,sp,salao de beleza,RAFA BOUTIQUE E ESMALTERIA,(11) 96523-6141
suzano,grande são paulo,sp,salao de beleza,Bianca Fêrnandes Unhas,(11) 97586-2550
suzano,grande são paulo,sp,salao de beleza,Remoção de tatuagem e Micropigmentação - RENOVA STUDIO,(11) 98411-6010
suzano,grande são paulo,sp,salao de beleza,Karol Ramiro Lash Design,(11) 96326-1553
suzano,grande são paulo,sp,salao de beleza,Estúdio Midi,(11) 99261-1125
suzano,grande são paulo,sp,salao de beleza,CASA DE DANÇA VALDO PEREIRA,(11) 94086-3126
suzano,grande são paulo,sp,salao de beleza,Salete unhas,(11) 97242-6335
suzano,grande são paulo,sp,salao de beleza,Manirussa - Suzano - Manicure Russa,(11) 97352-7470
suzano,grande são paulo,sp,salao de beleza,Studio Fujita,(11) 96161-1179
suzano,grande são paulo,sp,spa,CASA GLAMOUR/ GOKAN SPA BEAUTY SUZANO,(11) 94559-3673
suzano,grande são paulo,sp,spa,Belíssima Estética & Bem Estar,(11) 98340-0731
suzano,grande são paulo,sp,spa,Spaço Massage,(11) 97593-0908
suzano,grande são paulo,sp,spa,Luna Spa,(11) 99122-7433
suzano,grande são paulo,sp,spa,Spazzio Donna,(11) 94068-7968
suzano,grande são paulo,sp,spa,Spa Priscila Silva Diástase e Massoterapia,(11) 98094-9506
suzano,grande são paulo,sp,spa,Espaço Adriana Oliveira,(11) 96521-7479
suzano,grande são paulo,sp,spa,Espaço TS,(11) 99018-2101
suzano,grande são paulo,sp,spa,Instituto Dra. Aida Barja | Medicina Integrativa - Clínica de Emagrecimento e Estética em Suzano,(11) 95055-5551
suzano,grande são paulo,sp,spa,Serena Spa,(11) 97478-1492
suzano,grande são paulo,sp,spa,Estrutura da Pele,(11) 99910-7275
suzano,grande são paulo,sp,spa,Estetica Thamirys Ferigolli -Suzano- Especialista em Diástase Abdominal - Criomodelagem - Pós operatório - Clínica Suzano,(11) 97585-2163
suzano,grande são paulo,sp,spa,Essencial Suzano Estetica Avançada,(11) 98869-3141
suzano,grande são paulo,sp,spa,Clinica Verdadeira Vida,(11) 97736-1446
suzano,grande são paulo,sp,spa,SuzanBela - Suzano,(11) 91647-1629
suzano,grande são paulo,sp,spa,Massoterapeuta-silva,(11) 98171-8333
suzano,grande são paulo,sp,spa,AS Saude e Bem estar,(11) 99441-3948
suzano,grande são paulo,sp,spa,JVAHAIR,(11) 98370-7750
suzano,grande são paulo,sp,spa,Vivências Saúde Integrativa,(11) 95840-3069
suzano,grande são paulo,sp,spa,Bioface Clinic Estética,(11) 97331-0172
suzano,grande são paulo,sp,spa,CTPES Centro de Tratamento Podologico Especializado Suzano/Unhas encravadas/ micoses/calos/palmilhas.,(11) 99763-1567
suzano,grande são paulo,sp,spa,Espaço Izabel Aniz,(11) 95703-5969
suzano,grande são paulo,sp,spa,Mandala Pilates - Saúde e bem-estar,(11) 99543-3123
suzano,grande são paulo,sp,spa,Massagem e quiropraxia japonesa SEITAI,(11) 99102-4507
suzano,grande são paulo,sp,spa,Lilian Marques - Studio de Depilação e Estética,(11) 97248-0689
suzano,grande são paulo,sp,spa,Vicer,(11) 95695-9400
suzano,grande são paulo,sp,spa,Clínica Chimite Odontológica e Estética,(11) 94214-6902
suzano,grande são paulo,sp,spa,Oliveira Trabalho Extra,(11) 97448-1881
suzano,grande são paulo,sp,spa,Naru - Spa & Terapia Capilar,(11) 99366-7032
suzano,grande são paulo,sp,spa,Estética Andréia Ribeiro,(11) 98419-4416
suzano,grande são paulo,sp,spa,Esteticista Paloma Gerhardt - Estética Corporal e Facial | Suzano,(11) 94583-5213
suzano,grande são paulo,sp,spa,Seja á única spa,(11) 99584-5512
mogi das cruzes,grande são paulo,sp,salao de beleza,TJ Studio de Beleza - Mogi das Cruzes,(11) 98653-4784
mogi das cruzes,grande são paulo,sp,salao de beleza,Studio K Centro de Beleza,(11) 98831-2610
mogi das cruzes,grande são paulo,sp,salao de beleza,Enchanté Beauty Studio - Salão de Beleza em Mogi das Cruzes,(11) 93031-2640
mogi das cruzes,grande são paulo,sp,salao de beleza,"Fio Concept by Priscila Ferreira/ Especialista Mechas Loiros, Morena Iluminada, Ruivo, Corte - Salão de Beleza",(11) 98929-4881
mogi das cruzes,grande são paulo,sp,salao de beleza,Ricardo Simões Cabeleireiros,(11) 99418-4799
mogi das cruzes,grande são paulo,sp,salao de beleza,Gloss HAIR THERAPY • NAILS,(11) 98397-2491
mogi das cruzes,grande são paulo,sp,salao de beleza,Plenitude Capilar,(11) 95127-2170
mogi das cruzes,grande são paulo,sp,salao de beleza,Studio Luana Canuto | Loiros e Mega Hair,(11) 91311-2426
mogi das cruzes,grande são paulo,sp,salao de beleza,Studio F&A Cabeleireiros,(11) 95500-6655
mogi das cruzes,grande são paulo,sp,salao de beleza,IMMAGEM Escola de Beleza - Mogi das Cruzes,(11) 94611-9111
mogi das cruzes,grande são paulo,sp,salao de beleza,Studio Gimenes,(11) 99997-8510
mogi das cruzes,grande são paulo,sp,salao de beleza,Karla Gama Beauty,(11) 94704-9669
mogi das cruzes,grande são paulo,sp,salao de beleza,Juliana Ferreira Studio de Beleza,(11) 98543-7085
mogi das cruzes,grande são paulo,sp,salao de beleza,FERNANDA FLOR CABELEIREIROS,(11) 99811-4307
mogi das cruzes,grande são paulo,sp,salao de beleza,"Kelly Imperatriz- Especialista em Cabelos Cacheado, Crespo, Penteados e Trança",(11) 96584-5757
mogi das cruzes,grande são paulo,sp,salao de beleza,Fukunaru Cabeleireiros,(11) 97047-0988
mogi das cruzes,grande são paulo,sp,salao de beleza,Studio Thaís Sousa,(11) 97379-2686
mogi das cruzes,grande são paulo,sp,salao de beleza,VS Espaço de Beleza,(11) 95911-5118
mogi das cruzes,grande são paulo,sp,salao de beleza,Nelinho Cabeleireiro & Regina Gomes.,(11) 94379-4990
mogi das cruzes,grande são paulo,sp,salao de beleza,Espaço Beleza & Vida,(11) 96060-3525
mogi das cruzes,grande são paulo,sp,salao de beleza,Ilúmina - Cuidados e Beleza,(11) 99502-3822
mogi das cruzes,grande são paulo,sp,salao de beleza,Flávio Graciano Cabelereiro,(11) 99818-1507
mogi das cruzes,grande são paulo,sp,salao de beleza,Jéssica Lopes Lash,(11) 93342-0237
mogi das cruzes,grande são paulo,sp,salao de beleza,Fast Escova Mogi das Cruzes,(11) 99530-9098
mogi das cruzes,grande são paulo,sp,salao de beleza,Nicolau,(11) 95277-0604
mogi das cruzes,grande são paulo,sp,salao de beleza,Be Cachos,(11) 97648-0512
mogi das cruzes,grande são paulo,sp,salao de beleza,Edy Lima Beauty Academy,(11) 94251-7661
mogi das cruzes,grande são paulo,sp,salao de beleza,Gabriela Matos Esmalteria & Nail Designer,(11) 97965-2340
mogi das cruzes,grande são paulo,sp,salao de beleza,Espaço Della's,(11) 97362-6518
mogi das cruzes,grande são paulo,sp,salao de beleza,Studil Mall,(11) 97515-2204
mogi das cruzes,grande são paulo,sp,salao de beleza,EspaçoDellaas Boutique Studio,(11) 97341-9595
mogi das cruzes,grande são paulo,sp,salao de beleza,Claudia Frazão Beauty,(11) 95842-3051
mogi das cruzes,grande são paulo,sp,salao de beleza,Macadamia Cabelo e Estética,(11) 99742-5093
mogi das cruzes,grande são paulo,sp,salao de beleza,Lu & Lu Casa da Beleza,(11) 99149-3053
mogi das cruzes,grande são paulo,sp,salao de beleza,Miralva Depilação,(11) 94111-5928
mogi das cruzes,grande são paulo,sp,salao de beleza,Studio Bella Grace,(11) 95246-5405
mogi das cruzes,grande são paulo,sp,salao de beleza,Leticia_lashdesigner,(11) 98217-5638
mogi das cruzes,grande são paulo,sp,salao de beleza,Vero Esmalteria,(11) 94875-0442
mogi das cruzes,grande são paulo,sp,salao de beleza,Studio de depilação Paula Monteiro,(11) 99674-4353
mogi das cruzes,grande são paulo,sp,salao de beleza,Beleta do Salão Violeta,(11) 95606-1485
mogi das cruzes,grande são paulo,sp,salao de beleza,Alongamento de unhas - Mogi das cruzes - Sabrina Mayara,(11) 96083-4899
mogi das cruzes,grande são paulo,sp,salao de beleza,Neuza Cabeleireiro's,(11) 99522-9379
mogi das cruzes,grande são paulo,sp,salao de beleza,Espaço Bruna Vanessa Nail designer,(11) 93203-2123
mogi das cruzes,grande são paulo,sp,salao de beleza,Esmalteria Aline Olimpio,(11) 99276-3204
mogi das cruzes,grande são paulo,sp,salao de beleza,Masterlash Camile Vitória,(11) 98360-7559
mogi das cruzes,grande são paulo,sp,salao de beleza,Rebeca lash Design,(11) 97649-5608
mogi das cruzes,grande são paulo,sp,salao de beleza,Aurora Premium - Loja 1 Esmalteria e Beleza,(11) 94955-9482
mogi das cruzes,grande são paulo,sp,salao de beleza,Jana Sobrancelhas,(11) 98714-4791
mogi das cruzes,grande são paulo,sp,salao de beleza,Rarus Cabeleireiros,(11) 95918-9201
mogi das cruzes,grande são paulo,sp,salao de beleza,WILLASHES,(11) 94143-7753
mogi das cruzes,grande são paulo,sp,salao de beleza,Dalva Manicure e Design de Sobrancelhas,(11) 99699-8399
mogi das cruzes,grande são paulo,sp,salao de beleza,Shai Oliveira Designer | Lash,(11) 97426-0281
mogi das cruzes,grande são paulo,sp,salao de beleza,Silvia Cabelereira Unissex,(11) 97119-3224
mogi das cruzes,grande são paulo,sp,salao de beleza,Estúdio 4you,(11) 97545-6117
mogi das cruzes,grande são paulo,sp,salao de beleza,Lerino Carvalho Sobrancelhas,(11) 96861-2122
mogi das cruzes,grande são paulo,sp,salao de beleza,Silvania Hair e Cia,(11) 99847-9990
mogi das cruzes,grande são paulo,sp,salao de beleza,Claudia Hair,(11) 97452-3412
mogi das cruzes,grande são paulo,sp,salao de beleza,Karoline Siqueira Especialista Loiros e Mega Hair,(11) 97401-7661
mogi das cruzes,grande são paulo,sp,salao de beleza,Hellen Oliveira Esmalteria,(11) 93020-7307
mogi das cruzes,grande são paulo,sp,salao de beleza,WNE Hair,(11) 97212-8408
mogi das cruzes,grande são paulo,sp,salao de beleza,Isabela Barbosa Lashes & Co.,(11) 95824-2951
mogi das cruzes,grande são paulo,sp,salao de beleza,Nataly Camargo Estética Avançada,(11) 99441-9690
mogi das cruzes,grande são paulo,sp,cabelereira ,Salão Hair Deluxe,(11) 99567-0907
mogi das cruzes,grande são paulo,sp,cabelereira ,Studio Veronica Fernandes,(11) 99537-2960
mogi das cruzes,grande são paulo,sp,cabelereira ,Julio Bravin Hair Studio,(11) 97441-5009
mogi das cruzes,grande são paulo,sp,cabelereira ,Ivana Mesquita Hair Studio,(11) 95971-4111
mogi das cruzes,grande são paulo,sp,cabelereira ,M'Miller Hair,(11) 91182-3876
mogi das cruzes,grande são paulo,sp,cabelereira ,Cris Beauty Hair,(11) 99726-0983
mogi das cruzes,grande são paulo,sp,cabelereira ,Studio Ariana Almeida - Visagismo & Terapia Capilar,(11) 93962-8377
mogi das cruzes,grande são paulo,sp,cabelereira ,Salão de Beleza M. Hair,(11) 97449-3161
mogi das cruzes,grande são paulo,sp,cabelereira ,Klebber Rodrigues Design Hair,(11) 96665-9819
mogi das cruzes,grande são paulo,sp,cabelereira ,Salão de beleza Stet Cort,(11) 97201-2945
mogi das cruzes,grande são paulo,sp,cabelereira ,Salao New Look Cabeleireiros,(11) 97512-0653
mogi das cruzes,grande são paulo,sp,cabelereira ,Ray Rodrigues Visagista e Terapeuta Capilar,(11) 98605-8588
mogi das cruzes,grande são paulo,sp,cabelereira ,Adriana Dri cabeleireira,(11) 99871-5444
mogi das cruzes,grande são paulo,sp,cabelereira ,Dra Capilar,(11) 91325-1763
mogi das cruzes,grande são paulo,sp,cabelereira ,Vallentina Espaço de Beleza & Coworking - Unidade Vila Industrial,(11) 99207-3997
mogi das cruzes,grande são paulo,sp,cabelereira ,Studio Vogt Especialista em Mega Hair e Alongamentos,(11) 93268-0808
mogi das cruzes,grande são paulo,sp,cabelereira ,Fran cabeleireira,(11) 93441-6964
mogi das cruzes,grande são paulo,sp,cabelereira ,Studio D'ellas mogi,(11) 98835-4210
mogi das cruzes,grande são paulo,sp,cabelereira ,Espaço Lu - Especialista em Loiros,(11) 99533-7666
mogi das cruzes,grande são paulo,sp,cabelereira ,Mi Cabeleireiro ‍ ️ ‍ ️,(11) 98199-9292
mogi das cruzes,grande são paulo,sp,cabelereira ,Dani Cabeleireiros,(11) 98555-2163
mogi das cruzes,grande são paulo,sp,cabelereira ,Jéssica Lopes - Especialista em Cachos e Crespos,(11) 95697-1228
mogi das cruzes,grande são paulo,sp,cabelereira ,Adomy Studio Hair & Nail,(11) 97220-0183
mogi das cruzes,grande são paulo,sp,cabelereira ,Viviane Coiffeur Cabelo & Estética,(11) 98466-0037
mogi das cruzes,grande são paulo,sp,cabelereira ,MARROM CABELEIREIROS,(11) 97121-8684
mogi das cruzes,grande são paulo,sp,cabelereira ,Studio Liah Hair,(11) 98767-3972
mogi das cruzes,grande são paulo,sp,cabelereira ,Mi Cabeleireira,(11) 99884-0707
mogi das cruzes,grande são paulo,sp,cabelereira ,Ester Cabeleireira,(11) 99522-9101
mogi das cruzes,grande são paulo,sp,cabelereira ,Narita Beauty,(11) 94597-8729
mogi das cruzes,grande são paulo,sp,cabelereira ,Cabeleireiro Vicente Junior,(11) 97402-6141
mogi das cruzes,grande são paulo,sp,cabelereira ,Glamour Cleide Rodrigues,(11) 96327-6606
mogi das cruzes,grande são paulo,sp,spa,Gaya Spa,(11) 97892-7546
mogi das cruzes,grande são paulo,sp,spa,Home Spa Thays Morais em Mogi das Cruzes,(11) 94277-1050
mogi das cruzes,grande são paulo,sp,spa,Icon Spa,(11) 94753-3135
mogi das cruzes,grande são paulo,sp,spa,INKA Beauty SPA em Mogi das Cruzes,(11) 94440-0444
mogi das cruzes,grande são paulo,sp,spa,Espaço Experiênce Spa,(11) 91909-1028
mogi das cruzes,grande são paulo,sp,spa,Mãos de Gaia - Massagem e Terapia Integrativa,(11) 94526-5421
mogi das cruzes,grande são paulo,sp,spa,SPA Humanizen,(11) 98688-7472
mogi das cruzes,grande são paulo,sp,spa,Val Fujita,(11) 95175-1673
mogi das cruzes,grande são paulo,sp,spa,Manuia Spa - Club Med Lake Paradise,(11) 94529-0528
mogi das cruzes,grande são paulo,sp,spa,Leveny SPA,(11) 99367-9455
mogi das cruzes,grande são paulo,sp,spa,Elegance SPA e Bronze,(11) 98670-2013
mogi das cruzes,grande são paulo,sp,spa,"Jan Zen: Spa para Homens, Massagem terapêutica, depilação e massagem epecífica masculina em Mogi das Cruzes SP",(11) 97158-3528
mogi das cruzes,grande são paulo,sp,spa,ELI SPA - Estética e Saúde,(11) 94503-4654
mogi das cruzes,grande são paulo,sp,spa,CRYSTAL & SPA - Dra. MEIRE VIEIRA HARMONIZAÇÃO FACIAL & CORPORAL,(11) 98191-5795
mogi das cruzes,grande são paulo,sp,spa,Calm Saúde Integrativa e Head SPA em Mogi das Cruzes,(11) 99951-3184
mogi das cruzes,grande são paulo,sp,spa,Buddha Spa Quiosque Mogi Shopping,(11) 99634-7386
mogi das cruzes,grande são paulo,sp,spa,SPA Suzana mãos de Fada,(11) 96279-7475
mogi das cruzes,grande são paulo,sp,spa,Unica Estética Avançada,(11) 98857-5036
mogi das cruzes,grande são paulo,sp,spa,Dra Juliana Raful,(11) 99776-9966
mogi das cruzes,grande são paulo,sp,spa,Genki Spa e Estética,(11) 93093-0845
mogi das cruzes,grande são paulo,sp,spa,Aline Ribeiro Esteticista,(11) 99655-0461
mogi das cruzes,grande são paulo,sp,spa,Estúdio Karla Rodrigues YOGA,(11) 97970-7120
mogi das cruzes,grande são paulo,sp,spa,H M Estética Bem Estar,(11) 93029-7656
mogi das cruzes,grande são paulo,sp,spa,Mulher & Equilíbrio - por Fernanda Pádua,(11) 98753-0144
mogi das cruzes,grande são paulo,sp,spa,Clayton Passos Terapias,(11) 98296-9703
mogi das cruzes,grande são paulo,sp,spa,🏻‍ ️ Esteticista Mogi das Cruzes | Limpeza Pele | Microagulhamento | Peeling | Facial | Papada | Denise Mori,(11) 96357-8389
mogi das cruzes,grande são paulo,sp,spa,Clínica LL Lips - Império Facial | Dra. Larissa Lima,(11) 94483-6652
mogi das cruzes,grande são paulo,sp,spa,Divina Mulher,(11) 98213-3269
mogi das cruzes,grande são paulo,sp,spa,Estética VM,(11) 91227-8064
mogi das cruzes,grande são paulo,sp,spa,Josiane Cardoso,(11) 99437-8687
mogi das cruzes,grande são paulo,sp,spa,Podologia Df / Mogi das Cruzes/ podologa,(11) 96389-2766
mogi das cruzes,grande são paulo,sp,spa,"Thaís Vargas - Head SPA, Barras de Access® e Método Louise Hay® em Mogi Das Cruzes",(11) 99341-0446
mogi das cruzes,grande são paulo,sp,spa,Joana Almeida - Manicure e Pedicure,(11) 95297-5443
mogi das cruzes,grande são paulo,sp,spa,Academia Runner - Mogi Shopping,(11) 94798-0088
mogi das cruzes,grande são paulo,sp,spa,Paty depiladora Massoterapia e depilação masculina Mogi,(11) 93904-5283
mogi das cruzes,grande são paulo,sp,spa,NEANE ALVES estética e depilação,(11) 96012-2731
mogi das cruzes,grande são paulo,sp,spa,Charlô Almeida podologista humanizada,(11) 99601-8531
mogi das cruzes,grande são paulo,sp,spa,Pilates Roberta Rodrigues,(11) 94275-8101
mogi das cruzes,grande são paulo,sp,spa,Studio Lucena de Paula,(11) 94715-0417
mogi das cruzes,grande são paulo,sp,spa,Edna Cajueiro - Depilação e Beleza,(11) 98584-8413
mogi das cruzes,grande são paulo,sp,spa,Estética Andréa Caporali,(11) 94025-7872
mogi das cruzes,grande são paulo,sp,spa,Shiva Spa Terapias,(11) 92003-9072
mogi das cruzes,grande são paulo,sp,spa,Centro Estético Sandi,(11) 91780-0155
mogi das cruzes,grande são paulo,sp,spa,Stúdio Nailde Ferraz,(11) 99705-2203
mogi das cruzes,grande são paulo,sp,spa,Esmalteria Suellen Dantas e Nail Academy,(11) 94715-0022
mogi das cruzes,grande são paulo,sp,spa,Sueli Mucheironi | Nutricionista Mogi das Cruzes | Emagrecimento | Hipertrofia | Bariátrica,(11) 99476-7766
mogi das cruzes,grande são paulo,sp,spa,Salus Praxis | Medicina Integral e Desenvolvimento Humano,(11) 97085-5204
mogi das cruzes,grande são paulo,sp,spa,Instituto Acqua Fitt,(11) 95758-7632
mogi das cruzes,grande são paulo,sp,spa,Dog Spa,(11) 99770-2770
mogi das cruzes,grande são paulo,sp,spa,Studio Equilíbrio,(11) 99677-1369
mogi das cruzes,grande são paulo,sp,spa,Studio Camila Cezar,(11) 91413-1317
mogi das cruzes,grande são paulo,sp,spa,Studio de Pilates Val Semura,(11) 95865-9482
mogi das cruzes,grande são paulo,sp,spa,Estética Raquel Pires,(11) 98293-6247
mogi das cruzes,grande são paulo,sp,spa,Nathalia Oliveira - Beleza • Estética • Laser,(11) 95865-1679
mogi das cruzes,grande são paulo,sp,spa,Luc's Esthetics,(11) 99532-3922
mogi das cruzes,grande são paulo,sp,spa,Calasans Studio,(11) 98949-5503
mogi das cruzes,grande são paulo,sp,spa,Ross Auto Spa,(11) 99992-7077
mogi das cruzes,grande são paulo,sp,spa,Mr massagem,(11) 94719-4041
mogi das cruzes,grande são paulo,sp,spa,OliMar's,(11) 96066-9801
mogi das cruzes,grande são paulo,sp,spa,Depimar Depilação e Estética,(11) 99161-1966
mogi das cruzes,grande são paulo,sp,spa,Bem-estar Terapias,(11) 99674-3739
mogi das cruzes,grande são paulo,sp,spa,Lava Rápido - Spa Automotivo,(11) 99162-9203
mogi das cruzes,grande são paulo,sp,spa,Kairos Águazul Piscinas Mogi Das Cruzes,(11) 95941-0601
mogi das cruzes,grande são paulo,sp,spa,Jaqueline Astolas Podologia | Podóloga Mogi das Cruzes,(11) 97247-2418
mogi das cruzes,grande são paulo,sp,spa,Mimi Espaço de Beleza e Presentes,(11) 94815-3050
mogi das cruzes,grande são paulo,sp,spa,Docg Mogi das Cruzes,(11) 99297-8115
poa,grande são paulo,sp,salao de beleza,Studio All Poá,(11) 97625-8566
poa,grande são paulo,sp,salao de beleza,Making of Hair,(11) 95323-8211
poa,grande são paulo,sp,salao de beleza,Edina Feliciano Cabelos & Co.,(11) 91034-7335
poa,grande são paulo,sp,salao de beleza,Poá Noivas Salão de Beleza,(11) 99289-6917
poa,grande são paulo,sp,salao de beleza,Lions,(11) 93244-0081
poa,grande são paulo,sp,salao de beleza,Beauty Bar Beleza e Estética,(11) 99262-2864
poa,grande são paulo,sp,salao de beleza,Zilza Ferreira Instituto de Beleza,(11) 95410-9340
poa,grande são paulo,sp,salao de beleza,Adão Cabeleireiro,(11) 94683-6641
poa,grande são paulo,sp,salao de beleza,Estudio de beleza joia rara,(11) 99404-0011
poa,grande são paulo,sp,salao de beleza,Antonella Cristina Hair Stylist,(11) 94172-7428
poa,grande são paulo,sp,salao de beleza,Studio Jamile Santos Beauty,(11) 99007-7912
poa,grande são paulo,sp,salao de beleza,Felice Hair,(11) 99555-4097
poa,grande são paulo,sp,salao de beleza,Salão de Cabeleireiro Bons Meninos,(11) 99912-5090
poa,grande são paulo,sp,salao de beleza,Salão do Domingos,(11) 95050-7051
poa,grande são paulo,sp,salao de beleza,ACK SOBRANCELHASS/ Poá/ sp,(11) 98376-2617
poa,grande são paulo,sp,salao de beleza,Junior Ferraro,(11) 97287-7350
poa,grande são paulo,sp,salao de beleza,Sarah Tiemann Beauty,(11) 93929-1045
poa,grande são paulo,sp,salao de beleza,Spaço G Salão de Beleza e Estética,(11) 99020-8314
poa,grande são paulo,sp,salao de beleza,Studio Babi Lash,(11) 97592-3187
poa,grande são paulo,sp,salao de beleza,Amanda Benicio - Instrutora e Nail Designer,(11) 91487-7096
poa,grande são paulo,sp,salao de beleza,Braba dos Cachos - Especialista em Cabelos Naturais,(11) 95333-4182
poa,grande são paulo,sp,salao de beleza,Helegance,(11) 97583-8838
poa,grande são paulo,sp,salao de beleza,Studio Larissa Acierno Beauty Academy | Sobrancelhas Poá,(11) 97660-8820
poa,grande são paulo,sp,salao de beleza,Spazzio Caruso,(11) 95412-0690
poa,grande são paulo,sp,salao de beleza,Studio T,(11) 93213-4601
poa,grande são paulo,sp,salao de beleza,Larissa Serafim Lash designer Poá SP,(11) 99113-0235
poa,grande são paulo,sp,salao de beleza,Clinica ISA SANTATO,(11) 94555-8946
poa,grande são paulo,sp,salao de beleza,Studio Gracinha,(11) 96598-1093
poa,grande são paulo,sp,salao de beleza,manas,(11) 96773-1589
poa,grande são paulo,sp,salao de beleza,Studio Laine Ferreira,(11) 93607-1037
poa,grande são paulo,sp,salao de beleza,Studio Yasmin Fuzaro,(11) 96913-1399
poa,grande são paulo,sp,salao de beleza,Cris Lopes Pós Operatório e Estética Avançada,(11) 94268-1476
poa,grande são paulo,sp,salao de beleza,Studio Natália Corrêa Sobrancelhas,(11) 93770-7660
poa,grande são paulo,sp,salao de beleza,Amanda Genuino Estética,(11) 99807-3406
poa,grande são paulo,sp,salao de beleza,Espaço e Terapia | Spa Natural Do Cabelo,(11) 99949-5005
poa,grande são paulo,sp,salao de beleza,Studio Nanda Bless,(11) 93505-1341
poa,grande são paulo,sp,salao de beleza,Espaço Van Oliveira,(11) 96637-1855
poa,grande são paulo,sp,salao de beleza,NC Couto Creative Hair,(11) 96200-5275
poa,grande são paulo,sp,salao de beleza,STUDIO ELLEN AMARAL,(11) 97639-8720
poa,grande são paulo,sp,salao de beleza,G&J designer e barbearia,(11) 99388-5966
poa,grande são paulo,sp,salao de beleza,Requinte Mega Hair,(11) 94521-7047
poa,grande são paulo,sp,salao de beleza,Espaço Valéria Ribeiro,(11) 93705-3262
poa,grande são paulo,sp,salao de beleza,Bellas centro Estético,(11) 95558-6264
poa,grande são paulo,sp,salao de beleza,Seja VIP Estetica Facial & corporal,(11) 93744-4052
poa,grande são paulo,sp,salao de beleza,Sarah Elizabeth Unhas e Fibra,(11) 94682-2612
poa,grande são paulo,sp,salao de beleza,Casa de Beleza,(11) 99567-3680
poa,grande são paulo,sp,salao de beleza,Extensão de cílios em Poá / Powerlash by Ray Souza,(11) 99488-4858
poa,grande são paulo,sp,salao de beleza,Espaço Beautiful Girl,(11) 94819-2612
poa,grande são paulo,sp,salao de beleza,Beleza Fashion Hair,(11) 99851-4235
poa,grande são paulo,sp,salao de beleza,Rose Casagrande mega hair e colorimetria,(11) 96902-2589
poa,grande são paulo,sp,salao de beleza,Da Rô Beauty Studio,(11) 94053-8087
poa,grande são paulo,sp,salao de beleza,Clínica Império,(11) 95349-3258
poa,grande são paulo,sp,salao de beleza,Espaço Kemet,(11) 91898-1997
poa,grande são paulo,sp,salao de beleza,Studio Victoria Pires,(11) 94788-3017
poa,grande são paulo,sp,salao de beleza,Studio de extensão de cílios,(11) 99432-8613
poa,grande são paulo,sp,salao de beleza,Dermatologia e Estética - Dra. Fernanda Martin Castro Skincare | POÁ SP,(11) 94040-5117
poa,grande são paulo,sp,salao de beleza,Studio Jheniffer Layane,(11) 99457-0935
poa,grande são paulo,sp,salao de beleza,Studio Alice Honorato,(11) 96272-1153
poa,grande são paulo,sp,salao de beleza,Studio Debora Olivn/ Extensão de cílios Poá,(11) 99941-8970
poa,grande são paulo,sp,salao de beleza,Studio de Pilates - Espaço Mariah Candido,(11) 99575-4473
poa,grande são paulo,sp,salao de beleza,Depilaki Estética Avançada,(11) 99196-1636
poa,grande são paulo,sp,salao de beleza,"Lu Gomes Alongamento De Unhas Com Gel e molde russo, Speed gel",(11) 96587-0710
poa,grande são paulo,sp,salao de beleza,Ateliê da Eidi,(11) 98042-3984
poa,grande são paulo,sp,salao de beleza,Esmalteria Michelle Sobral,(11) 94361-0499
poa,grande são paulo,sp,salao de beleza,Larissa Manicure,(11) 98857-7378
poa,grande são paulo,sp,salao de beleza,Beauty Stetic Academy,(11) 94957-0385
poa,grande são paulo,sp,salao de beleza,"Espaço da beleza Gabrielly Oliveira, Cílios, Design personalizado, Design com henna, Microblading e Lash Design",(11) 98661-4688
poa,grande são paulo,sp,salao de beleza,Regina Carvalho,(11) 94837-6582
poa,grande são paulo,sp,salao de beleza,Joice Dantas Design,(11) 94006-4275
poa,grande são paulo,sp,salao de beleza,Studio Bloom - Unhas e Cílios Poá,(11) 99395-4156
poa,grande são paulo,sp,salao de beleza,Studio Amanda Lima,(11) 94549-8596
poa,grande são paulo,sp,salao de beleza,Studio Dom,(11) 99762-4930
poa,grande são paulo,sp,salao de beleza,Salão Unissex Cabeleireiros Ele e Ela,(11) 96886-0944
poa,grande são paulo,sp,salao de beleza,Espaço Sazzy Mazarin,(11) 98953-1726
poa,grande são paulo,sp,salao de beleza,Studio Sammy - DEPILAÇÃO E MASSAGEM POÁ,(11) 96324-6468
poa,grande são paulo,sp,salao de beleza,Estúdio Rose Almeida,(11) 95637-4288
poa,grande são paulo,sp,salao de beleza,Jacy Estetica e Beleza,(11) 94081-9244
poa,grande são paulo,sp,salao de beleza,Salão Mademoiselle,(11) 95404-3226
poa,grande são paulo,sp,salao de beleza,Cantinho da unha & depilação,(11) 94854-7786
poa,grande são paulo,sp,salao de beleza,MakeUp Hair ByEliaxx,(11) 94505-2503
poa,grande são paulo,sp,salao de beleza,Kathryn Bastos estetica e beleza,(11) 97026-0632
poa,grande são paulo,sp,salao de beleza,Sonia Lemes Studio,(11) 95494-3736
poa,grande são paulo,sp,salao de beleza,Espaço de Beleza - Bela Dona,(11) 94447-1207
poa,grande são paulo,sp,salao de beleza,Espaço Mulher Luciana Freitas,(11) 99859-3532
poa,grande são paulo,sp,salao de beleza,Nayara Nail Designer,(11) 93505-8130
poa,grande são paulo,sp,salao de beleza,Ateliê 3 Marias,(11) 94131-9903
poa,grande são paulo,sp,salao de beleza,Studio Tamires Barbosa,(11) 99365-2904
poa,grande são paulo,sp,salao de beleza,Alongamento de unhas Drika nail design,(11) 95218-5742
poa,grande são paulo,sp,salao de beleza,Studio Nalda Andrade,(11) 97333-5070
poa,grande são paulo,sp,salao de beleza,Espaço Maria,(11) 94022-8928
poa,grande são paulo,sp,salao de beleza,Wilsons Stilo Hair,(11) 96682-8669
poa,grande são paulo,sp,salao de beleza,Beauty Stylos Cabeleireiros,(11) 95396-2636
poa,grande são paulo,sp,salao de beleza,Espaço Viva Linda,(11) 96019-2828
poa,grande são paulo,sp,salao de beleza,Ingrid Avelino Studio Nail,(11) 93235-9715
poa,grande são paulo,sp,salao de beleza,STUDIO VIVACE,(11) 96847-6652
poa,grande são paulo,sp,salao de beleza,Belíssima Fashion Hair Salon,(11) 97142-4704
poa,grande são paulo,sp,salao de beleza,Diane Ramos Beleza e Estética,(11) 99333-0850
poa,grande são paulo,sp,salao de beleza,KATZ STUDIO,(11) 95033-6803
poa,grande são paulo,sp,salao de beleza,Unhasfê,(11) 99573-8660
poa,grande são paulo,sp,salao de beleza,Claudia Hair Fashion,(11) 98302-6651
poa,grande são paulo,sp,salao de beleza,Yasmin Nail Designer,(11) 93396-5802
poa,grande são paulo,sp,salao de beleza,Salão do Marquinhos,(11) 99975-1858
poa,grande são paulo,sp,salao de beleza,Adriana Rosa Designer Sobrancelhas alongamento de cílios,(11) 94256-5812
poa,grande são paulo,sp,salao de beleza,Studio Sammy Silva - Sobrancelhas,(11) 95426-1542
poa,grande são paulo,sp,salao de beleza,Barbearia Soares,(11) 96246-1242
poa,grande são paulo,sp,salao de beleza,Studio La Belle,(11) 94156-4893
poa,grande são paulo,sp,salao de beleza,Thiago chaves,(11) 97957-5621
poa,grande são paulo,sp,salao de beleza,Studio Veronica Soares,(11) 98216-6859
poa,grande são paulo,sp,salao de beleza,EF Bella Donna's,(11) 96517-8128
poa,grande são paulo,sp,salao de beleza,Studio Gracie,(11) 98257-4620
poa,grande são paulo,sp,salao de beleza,Espaço das unhas,(11) 94235-1217
poa,grande são paulo,sp,salao de beleza,Simoes Cabeleireiros,(11) 97450-0260
poa,grande são paulo,sp,salao de beleza,Studio Dany Dias,(11) 99812-8022
poa,grande são paulo,sp,salao de beleza,Delo Esmalteria,(11) 94235-1247
poa,grande são paulo,sp,salao de beleza,Max Salão de Cabeleireiro e Estética,(11) 96755-8482
poa,grande são paulo,sp,cabelereira ,MT Cabeleireiros,(11) 97440-5063
poa,grande são paulo,sp,cabelereira ,Studio Nany Ribeiro- Especialista em Loiros,(11) 98718-2645
poa,grande são paulo,sp,spa,Espaço Lotus Esmeralda,(11) 97163-9567
poa,grande são paulo,sp,spa,DriDrika Massoterapeuta,(11) 97241-6576
poa,grande são paulo,sp,spa,ESPAÇO SHIZEN - TERAPIAS ORIENTAIS,(11) 91355-8526
itaquaquecetuba,grande são paulo,sp,salao de beleza,Studio Virtuosa,(11) 94357-5124
itaquaquecetuba,grande são paulo,sp,salao de beleza,Kelly hair,(11) 94737-8041
itaquaquecetuba,grande são paulo,sp,salao de beleza,Imperio da beleza,(11) 99407-4123
itaquaquecetuba,grande são paulo,sp,salao de beleza,Espaço de beleza Renata Ferreira,(11) 95475-0846
itaquaquecetuba,grande são paulo,sp,salao de beleza,Espaço Elegant's,(11) 96783-7992
itaquaquecetuba,grande são paulo,sp,salao de beleza,ALINE BARBOSA BEAUTY - SALÃO DE BELEZA - CABELEIREIRA,(11) 95162-7903
itaquaquecetuba,grande são paulo,sp,salao de beleza,Studio Retrô Hair,(11) 96423-6618
itaquaquecetuba,grande são paulo,sp,salao de beleza,Espaço Gabriel Almeida,(11) 97760-3696
itaquaquecetuba,grande são paulo,sp,salao de beleza,Kaspeer Salon,(11) 94953-6764
itaquaquecetuba,grande são paulo,sp,salao de beleza,Conceito Rafaela Ionara,(11) 94483-1810
itaquaquecetuba,grande são paulo,sp,salao de beleza,Espaço Sabrina Rocha,(11) 95352-1675
itaquaquecetuba,grande são paulo,sp,salao de beleza,Studio Débora Moraes Natural Beauty,(11) 96176-7203
itaquaquecetuba,grande são paulo,sp,salao de beleza,Ericka Siltos Make Up,(11) 91677-6088
itaquaquecetuba,grande são paulo,sp,salao de beleza,Takayama Hair Studio,(11) 93905-0060
itaquaquecetuba,grande são paulo,sp,salao de beleza,Salão de beleza Caiubi,(11) 98150-3713
itaquaquecetuba,grande são paulo,sp,salao de beleza,Espaço Chic Pelle,(11) 99916-2418
itaquaquecetuba,grande são paulo,sp,salao de beleza,STUDIO SEMPRE BELA,(11) 96852-1706
itaquaquecetuba,grande são paulo,sp,salao de beleza,Gallu's fashion hair,(11) 96704-6221
itaquaquecetuba,grande são paulo,sp,salao de beleza,Matheus Marinho Hair,(11) 94812-4849
itaquaquecetuba,grande são paulo,sp,salao de beleza,Sisters Glamour,(11) 94135-5282
itaquaquecetuba,grande são paulo,sp,salao de beleza,RC Revigora'r,(11) 99325-5223
itaquaquecetuba,grande são paulo,sp,salao de beleza,Salão Beleza Kira,(11) 94204-8210
itaquaquecetuba,grande são paulo,sp,salao de beleza,Salão de Beleza Talentos,(11) 94992-3041
itaquaquecetuba,grande são paulo,sp,salao de beleza,Liceu da Beleza,(11) 94078-3812
itaquaquecetuba,grande são paulo,sp,salao de beleza,Studio blessing by Graciane Medeiros,(11) 96455-2073
itaquaquecetuba,grande são paulo,sp,salao de beleza,Rosy Matos Hair Stylist,(11) 97712-8381
itaquaquecetuba,grande são paulo,sp,salao de beleza,Livia Paiva,(11) 94280-6627
itaquaquecetuba,grande são paulo,sp,salao de beleza,Espaço feminino Diana Hair,(11) 95272-6316
itaquaquecetuba,grande são paulo,sp,salao de beleza,Grazi Machado Beauty | Sobrancelhas e Cílios,(11) 91484-6388
itaquaquecetuba,grande são paulo,sp,salao de beleza,Studio Rc,(11) 95140-7056
itaquaquecetuba,grande são paulo,sp,salao de beleza,Karina Andrade Beauty,(11) 99311-3353
itaquaquecetuba,grande são paulo,sp,salao de beleza,Espaço Jheniffer Carvalho,(11) 98246-9001
itaquaquecetuba,grande são paulo,sp,salao de beleza,Mayra Paulla Ateliê de Maquiagem - Penteado e Maquiagem,(11) 96629-1746
itaquaquecetuba,grande são paulo,sp,salao de beleza,Studio nova imagem top,(11) 94018-8319
itaquaquecetuba,grande são paulo,sp,salao de beleza,Alanys Gomes - Sobrancelhas Itaqua,(11) 95871-9600
itaquaquecetuba,grande são paulo,sp,salao de beleza,Studio Maisa Leandro,(11) 93208-9644
itaquaquecetuba,grande são paulo,sp,salao de beleza,Estética Sheila Leal,(11) 95962-6555
itaquaquecetuba,grande são paulo,sp,salao de beleza,Ex chica's esmalteria e cabelo,(11) 99544-3158
itaquaquecetuba,grande são paulo,sp,salao de beleza,Studio Rosete,(11) 93500-3404
itaquaquecetuba,grande são paulo,sp,salao de beleza,LYA OLIVEIRA TRANÇAS,(11) 96342-2817
itaquaquecetuba,grande são paulo,sp,salao de beleza,Studio 5,(11) 99579-5063
itaquaquecetuba,grande são paulo,sp,salao de beleza,Studio Fernanda Farias,(11) 97061-6528
itaquaquecetuba,grande são paulo,sp,salao de beleza,Cecília Reis,(11) 94048-6089
itaquaquecetuba,grande são paulo,sp,salao de beleza,Espaço Dellas,(11) 99331-7554
itaquaquecetuba,grande são paulo,sp,salao de beleza,Flavia Lopes - Studio de Beleza,(11) 95740-3834
itaquaquecetuba,grande são paulo,sp,salao de beleza,Studio Linda Mulher,(11) 94847-7606
itaquaquecetuba,grande são paulo,sp,salao de beleza,Espaço Carolas Beauty Club,(11) 94014-0464
itaquaquecetuba,grande são paulo,sp,salao de beleza,Juliana Beauty | Cílios & Cursos Itaqua,(11) 98984-5336
itaquaquecetuba,grande são paulo,sp,salao de beleza,Espaço Cantinho Hair,(11) 96673-3353
itaquaquecetuba,grande são paulo,sp,salao de beleza,Studio Pérolas,(11) 95336-5985
itaquaquecetuba,grande são paulo,sp,salao de beleza,Espaço Juliana Jaine,(11) 94775-6968
itaquaquecetuba,grande são paulo,sp,salao de beleza,Espaço Hermanas,(11) 91332-7014
itaquaquecetuba,grande são paulo,sp,salao de beleza,Salao De Cabeleireiro,(11) 99828-5402
itaquaquecetuba,grande são paulo,sp,salao de beleza,Espaço Marla Costa,(11) 96693-8123
itaquaquecetuba,grande são paulo,sp,salao de beleza,Studio Esmalteria Belas Unhas,(11) 91167-5650
itaquaquecetuba,grande são paulo,sp,salao de beleza,Giseli Santos Studio,(11) 97782-1206
itaquaquecetuba,grande são paulo,sp,salao de beleza,Aline Nails Itaquá,(11) 94060-8966
itaquaquecetuba,grande são paulo,sp,salao de beleza,Bella Mulher JM,(11) 96759-0696
itaquaquecetuba,grande são paulo,sp,salao de beleza,Reinaldo cabeleireiro,(11) 95037-1811
itaquaquecetuba,grande são paulo,sp,salao de beleza,Espaço Bianca Brito,(11) 96672-3538
itaquaquecetuba,grande são paulo,sp,salao de beleza,Seuolharporgabi,(11) 97522-5834
itaquaquecetuba,grande são paulo,sp,salao de beleza,Dayane Monsalles,(11) 99012-1652
itaquaquecetuba,grande são paulo,sp,salao de beleza,Studio Fernanda Braids,(11) 97647-8649
itaquaquecetuba,grande são paulo,sp,salao de beleza,Thaís Carvalho|Beauty Salon|Mega Hair,(11) 97135-5579
itaquaquecetuba,grande são paulo,sp,salao de beleza,Esmaltaria diva's charme bellas unhas,(11) 98211-0732
itaquaquecetuba,grande são paulo,sp,salao de beleza,Salão Capricho,(11) 97044-9797
itaquaquecetuba,grande são paulo,sp,salao de beleza,Espaço da Beleza Luh Sanches,(11) 98682-4735
itaquaquecetuba,grande são paulo,sp,salao de beleza,Amanda Expíndola Hair Stylist,(11) 96440-2747
itaquaquecetuba,grande são paulo,sp,salao de beleza,Nathalia Beauty 99,(11) 91480-4370
itaquaquecetuba,grande são paulo,sp,salao de beleza,Adlux Cd Salão de beleza e barbearia Itaquaquecetuba,(11) 94882-1735
itaquaquecetuba,grande são paulo,sp,salao de beleza,Kezia Vasconcelos/ Unhas artisticas,(11) 99015-7152
itaquaquecetuba,grande são paulo,sp,salao de beleza,Imperial Beauty,(11) 97563-0599
itaquaquecetuba,grande são paulo,sp,salao de beleza,Studio Bee Glow,(11) 94012-4528
itaquaquecetuba,grande são paulo,sp,salao de beleza,Solange Monteiro Beleza Estilo,(11) 95293-4089
itaquaquecetuba,grande são paulo,sp,salao de beleza,INGRID INÁCIO HAIR,(11) 97756-9868
itaquaquecetuba,grande são paulo,sp,salao de beleza,Karol Bellas,(11) 94160-3239
itaquaquecetuba,grande são paulo,sp,salao de beleza,Estúdio Fernanda Farias,(11) 96921-3223
itaquaquecetuba,grande são paulo,sp,salao de beleza,Centro Estético Ana Vieira,(11) 96181-8563
itaquaquecetuba,grande são paulo,sp,salao de beleza,Renata Andrade Designer,(11) 95178-8738
itaquaquecetuba,grande são paulo,sp,salao de beleza,Espaço Kelly Kristal,(11) 98336-5774
itaquaquecetuba,grande são paulo,sp,salao de beleza,Be BEAUTIFUL,(11) 94979-1743
itaquaquecetuba,grande são paulo,sp,salao de beleza,Instituto de beleza vera's cabeleireira,(11) 97520-1020
itaquaquecetuba,grande são paulo,sp,salao de beleza,Studio Lótus Saúde e Beleza,(11) 99735-5790
itaquaquecetuba,grande são paulo,sp,salao de beleza,Studio pretty woman,(11) 98746-4091
itaquaquecetuba,grande são paulo,sp,salao de beleza,Studio Saionara Alves,(11) 97884-1545
itaquaquecetuba,grande são paulo,sp,salao de beleza,Studio.fiama_virginia,(11) 99480-8155
itaquaquecetuba,grande são paulo,sp,salao de beleza,Studio Ben Hair,(11) 98547-2790
itaquaquecetuba,grande são paulo,sp,salao de beleza,Espaço Da Beleza,(11) 97684-7089
itaquaquecetuba,grande são paulo,sp,salao de beleza,Esmaltaria Flor de Gi'rassol,(11) 95186-1545
itaquaquecetuba,grande são paulo,sp,salao de beleza,DENISE SOUSA ESTÉTICA,(11) 99296-3451
itaquaquecetuba,grande são paulo,sp,salao de beleza,Esmalteria Cleide Dias,(11) 98578-5841
itaquaquecetuba,grande são paulo,sp,salao de beleza,Beleza Mix,(11) 98548-6814
itaquaquecetuba,grande são paulo,sp,salao de beleza,Jessica Rocha glamourespacofeminino,(11) 97603-4096
itaquaquecetuba,grande são paulo,sp,salao de beleza,Kah C unhas,(11) 98709-3624
itaquaquecetuba,grande são paulo,sp,salao de beleza,Irineu Corrêa Cabeleireiros Unissex,(11) 98790-7249
itaquaquecetuba,grande são paulo,sp,salao de beleza,Studio By Yasmin Nunes,(11) 94371-1776
itaquaquecetuba,grande são paulo,sp,salao de beleza,Thailashes -Extensão de cílios,(11) 98470-2154
itaquaquecetuba,grande são paulo,sp,salao de beleza,Studio Grace Kelly RCA,(11) 96295-8157
itaquaquecetuba,grande são paulo,sp,salao de beleza,Nyna Ferreira,(11) 99308-3719
itaquaquecetuba,grande são paulo,sp,salao de beleza,Misslai Studio,(11) 95304-8766
itaquaquecetuba,grande são paulo,sp,cabelereira ,Castellano's Barber Shop - Itaquaquecetuba,(11) 99382-9859
itaquaquecetuba,grande são paulo,sp,cabelereira ,Studio Sempre Bellas Terapias,(11) 98750-7672
itaquaquecetuba,grande são paulo,sp,cabelereira ,LK Kample Cabeleireiros,(11) 97888-0958
itaquaquecetuba,grande são paulo,sp,cabelereira ,Maby Beauty,(11) 97048-8083
itaquaquecetuba,grande são paulo,sp,cabelereira ,Larissa Silva Cabelos crespos e cacheados,(11) 94129-3281
itaquaquecetuba,grande são paulo,sp,cabelereira ,Espaço de beleza Taís Sousa,(11) 98508-2893
itaquaquecetuba,grande são paulo,sp,cabelereira ,"Espaço Millennium, Tranças & Cachos",(11) 95291-8425
itaquaquecetuba,grande são paulo,sp,cabelereira ,Nataly Lima Nails,(11) 98854-3237
itaquaquecetuba,grande são paulo,sp,cabelereira ,Eliana Cabeleireira,(11) 95215-3561
itaquaquecetuba,grande são paulo,sp,cabelereira ,Espaço Mulher,(11) 99328-3468
itaquaquecetuba,grande são paulo,sp,cabelereira ,"Barbearia Junior Miranda - Vila monte Belo, Itaquaquecetuba",(11) 96567-4975
itaquaquecetuba,grande são paulo,sp,cabelereira ,Alisson Barber Root,(11) 95135-6197
itaquaquecetuba,grande são paulo,sp,cabelereira ,Espaço Thais Teixeira,(11) 99875-4288
itaquaquecetuba,grande são paulo,sp,cabelereira ,Léia cabeleireira,(11) 95795-8694
itaquaquecetuba,grande são paulo,sp,cabelereira ,Gabi's cabeleireira e esmalteria,(11) 96910-8294
itaquaquecetuba,grande são paulo,sp,cabelereira ,Spaço Diva's,(11) 98147-5329
itaquaquecetuba,grande são paulo,sp,cabelereira ,Nina Spa Day,(11) 98256-6501
itaquaquecetuba,grande são paulo,sp,cabelereira ,Espaço unhas kc,(11) 95172-6581
itaquaquecetuba,grande são paulo,sp,cabelereira ,Studio Kacriaunha,(11) 94290-4408
itaquaquecetuba,grande são paulo,sp,cabelereira ,Viviane Freitas,(11) 97832-3383
itaquaquecetuba,grande são paulo,sp,cabelereira ,"Cabeleireira itaquaquecetuba sp Avenida, almeida da Cunha",(11) 94662-0980
itaquaquecetuba,grande são paulo,sp,cabelereira ,Esmaltaria Perfect,(11) 95209-1599
itaquaquecetuba,grande são paulo,sp,cabelereira ,Studio Guedes Hair,(11) 94630-2769
itaquaquecetuba,grande são paulo,sp,cabelereira ,Extensão de Cílios - M’Y Lashe,(11) 95478-6386
itaquaquecetuba,grande são paulo,sp,cabelereira ,Studio Ingrid Silva,(11) 96693-9310
itaquaquecetuba,grande são paulo,sp,cabelereira ,Aparecida Cabeleireira Espaço Arte & Beleza,(11) 94995-9526
itaquaquecetuba,grande são paulo,sp,cabelereira ,Liberte-se Lash e Outlet,(11) 98271-4984
itaquaquecetuba,grande são paulo,sp,cabelereira ,Estrelas Cabeleireiros,(11) 97422-7776
itaquaquecetuba,grande são paulo,sp,cabelereira ,Studio Aline Fernandes Beauty,(11) 94018-7058
itaquaquecetuba,grande são paulo,sp,cabelereira ,Sérgio Cabeleireiro,(11) 99264-0984
itaquaquecetuba,grande são paulo,sp,cabelereira ,Estética Clau Oliv,(11) 96913-4748
itaquaquecetuba,grande são paulo,sp,cabelereira ,Fabíola Menezes,(11) 99237-4787
itaquaquecetuba,grande são paulo,sp,cabelereira ,CALLEB ESCOLA DE CABELEIREIROS e Similares,(11) 94734-4367
itaquaquecetuba,grande são paulo,sp,cabelereira ,Esmalteria Priscila Moura,(11) 95828-2890
itaquaquecetuba,grande são paulo,sp,cabelereira ,Salão de Beleza,(11) 97844-9632
itaquaquecetuba,grande são paulo,sp,cabelereira ,ArtPrópria Cabeleireiros,(11) 99644-7516
itaquaquecetuba,grande são paulo,sp,cabelereira ,Dani Dias Esmalteria,(11) 99232-7815
itaquaquecetuba,grande são paulo,sp,cabelereira ,Mayara Oliveira Nail Designer,(11) 96062-8737
itaquaquecetuba,grande são paulo,sp,cabelereira ,Emily Alves Nails,(11) 94722-5475
itaquaquecetuba,grande são paulo,sp,cabelereira ,"Jaqueline Huayta | cílios,cabeleireira",(11) 96066-7668
itaquaquecetuba,grande são paulo,sp,cabelereira ,Esmalteria Maria flor,(11) 98073-7689
itaquaquecetuba,grande são paulo,sp,cabelereira ,Ateliê das Unhas,(11) 94787-6101
itaquaquecetuba,grande são paulo,sp,cabelereira ,Espaço Zöttl Nails,(11) 95434-0502
itaquaquecetuba,grande são paulo,sp,cabelereira ,Escola e Centro Tecnico de Cabeleireiros,(11) 94956-4209
itaquaquecetuba,grande são paulo,sp,cabelereira ,Victor Belarmino Studio,(11) 93010-4641
itaquaquecetuba,grande são paulo,sp,cabelereira ,Nails_Elisangela (esmalteria),(11) 95607-2036
itaquaquecetuba,grande são paulo,sp,cabelereira ,Nayara carmo Nails,(11) 99484-1948
itaquaquecetuba,grande são paulo,sp,cabelereira ,Ka unhas,(11) 96769-1941
ferraz de vasconcelos,grande são paulo,sp,salao de beleza,Kadora Estética,(11) 99658-4744
ferraz de vasconcelos,grande são paulo,sp,salao de beleza,Espaço Mih Dias,(11) 99783-6700
ferraz de vasconcelos,grande são paulo,sp,salao de beleza,Sobrancelhas Andressa Palma,(11) 98691-1960
ferraz de vasconcelos,grande são paulo,sp,salao de beleza,Prado's Centro De Beleza,(11) 97390-6626
ferraz de vasconcelos,grande são paulo,sp,salao de beleza,Amanda Designer,(11) 96245-0692
ferraz de vasconcelos,grande são paulo,sp,salao de beleza,Stilo Gold,(11) 96015-7825
ferraz de vasconcelos,grande são paulo,sp,salao de beleza,Estúdio Grein Novo Visual,(11) 95959-9312
ferraz de vasconcelos,grande são paulo,sp,salao de beleza,Lisley Hellen,(11) 97600-1646
ferraz de vasconcelos,grande são paulo,sp,salao de beleza,Elizana Romero Depilação Estética Bem Estar. Atendimento Feminino,(11) 94315-7514
ferraz de vasconcelos,grande são paulo,sp,salao de beleza,Regina estética feminina,(11) 94942-9987
ferraz de vasconcelos,grande são paulo,sp,salao de beleza,Lu Estética Avançada,(11) 96234-3030
ferraz de vasconcelos,grande são paulo,sp,salao de beleza,LK Nail Art Studio,(11) 97398-0377
ferraz de vasconcelos,grande são paulo,sp,salao de beleza,Studio Leticia Silva Nails,(11) 95243-7772
ferraz de vasconcelos,grande são paulo,sp,salao de beleza,Espaço Jéssy Mendes,(11) 99108-9208
ferraz de vasconcelos,grande são paulo,sp,salao de beleza,Esmalteria Thalita Evelly,(11) 98940-2738
ferraz de vasconcelos,grande são paulo,sp,salao de beleza,Nosso Espaço,(11) 94339-8797
ferraz de vasconcelos,grande são paulo,sp,salao de beleza,Calebe Menezes Cabeleireiros,(11) 97681-1452
ferraz de vasconcelos,grande são paulo,sp,salao de beleza,Studio Divino Olhar,(11) 93044-4751
ferraz de vasconcelos,grande são paulo,sp,salao de beleza,Joana D'arc Studio,(11) 94484-5569
ferraz de vasconcelos,grande são paulo,sp,salao de beleza,Aline Oliveira Lashes,(11) 96484-4643
ferraz de vasconcelos,grande são paulo,sp,salao de beleza,Studio Belas Artes,(11) 95701-2773
ferraz de vasconcelos,grande são paulo,sp,salao de beleza,Cris desiner cílios,(11) 99659-3895
ferraz de vasconcelos,grande são paulo,sp,salao de beleza,Dondocas,(11) 99576-4868
ferraz de vasconcelos,grande são paulo,sp,salao de beleza,Espaço Della's,(11) 96222-0401
ferraz de vasconcelos,grande são paulo,sp,salao de beleza,kemott Salão de Beleza,(11) 96580-2779
ferraz de vasconcelos,grande são paulo,sp,cabelereira ,Espaço Neide Oliveira,(11) 94072-1371
ferraz de vasconcelos,grande são paulo,sp,cabelereira ,Studio de Beleza Samara Hair,(11) 98654-4715
ferraz de vasconcelos,grande são paulo,sp,cabelereira ,Tranças Espaço Deodatto,(11) 98547-4232
ferraz de vasconcelos,grande são paulo,sp,cabelereira ,Salão de Cabeleireiro Castelinho,(11) 95657-1737
ferraz de vasconcelos,grande são paulo,sp,cabelereira ,Studio Bella Vasconcelos,(11) 98320-4110
ferraz de vasconcelos,grande são paulo,sp,cabelereira ,Jhows Barber Shop Barbearia,(11) 96433-7012
ferraz de vasconcelos,grande são paulo,sp,spa,SPA BEM ESTAR MS,(11) 98772-8380
ferraz de vasconcelos,grande são paulo,sp,spa,Espaço Reviver Massoterapia,(11) 93215-7355
ferraz de vasconcelos,grande são paulo,sp,spa,Espaço Saúde Corporal,(11) 97575-0953
ferraz de vasconcelos,grande são paulo,sp,spa,Massagista atendimento com Horário agendado região,(11) 96722-4932
ferraz de vasconcelos,grande são paulo,sp,spa,QualityLife Terapias,(11) 91312-4489
aruja,grande são paulo,sp,salao de beleza,Clara Silva Beauty,(11) 93261-0519
aruja,grande são paulo,sp,salao de beleza,Duo Cut Salon - Barbearia e Salão De Beleza Aruja,(11) 91350-5463
aruja,grande são paulo,sp,salao de beleza,STUDIO JANDY PARLADORI,(11) 95651-1423
aruja,grande são paulo,sp,salao de beleza,Studio Elaine Santana,(11) 98821-0494
aruja,grande são paulo,sp,salao de beleza,Fatima Hair - Arujá - Salão de Beleza / Prótese Capilar,(11) 97246-2478
aruja,grande são paulo,sp,salao de beleza,Espaço Dellas Salão de Beleza em Aruja,(11) 99131-2838
aruja,grande são paulo,sp,salao de beleza,Studio Jaque De Jesus,(11) 93040-3952
aruja,grande são paulo,sp,salao de beleza,Black & White studio de beleza,(11) 96167-4389
aruja,grande são paulo,sp,salao de beleza,Studio Toda Esmaltada,(11) 94883-3847
aruja,grande são paulo,sp,salao de beleza,Estudio Estefania Miguez,(11) 97190-8711
aruja,grande são paulo,sp,salao de beleza,GM Cílios - Extensão de cílios em Arujá,(11) 97075-7694
aruja,grande são paulo,sp,salao de beleza,STUDIO DESTAK,(11) 95470-0021
aruja,grande são paulo,sp,salao de beleza,Studio ElisLuz,(11) 94118-0266
aruja,grande são paulo,sp,salao de beleza,Meu Salão,(11) 97192-0426
aruja,grande são paulo,sp,salao de beleza,Faby Campos make-up e hair,(11) 98820-1955
aruja,grande são paulo,sp,salao de beleza,Glow Beauty Studio - Arujá,(11) 99807-3618
aruja,grande são paulo,sp,salao de beleza,Adriana Braz Studio,(11) 99329-3492
aruja,grande são paulo,sp,salao de beleza,Studio Delicatas,(11) 99212-4140
aruja,grande são paulo,sp,salao de beleza,Studio Vania Gonçalves,(11) 97599-5290
aruja,grande são paulo,sp,salao de beleza,Studio Belissima,(11) 94798-2267
aruja,grande são paulo,sp,salao de beleza,Shirley Franco Estúdio de Beleza,(11) 99826-7020
aruja,grande são paulo,sp,salao de beleza,Lash Designer Ester Araujo,(11) 94893-9035
aruja,grande são paulo,sp,salao de beleza,Andressa Peres Makeup e Beauty,(11) 99571-7434
aruja,grande são paulo,sp,salao de beleza,Absoluta Mega Hair,(11) 98454-2063
aruja,grande são paulo,sp,salao de beleza,STUDIO RODHI SANTOS,(11) 96376-7101
aruja,grande são paulo,sp,salao de beleza,Esmalteria Ateliê das Unhas Arujá,(11) 93907-7762
aruja,grande são paulo,sp,salao de beleza,Surpreenda-se Barbearia e Salão de Alongamento e Estética em Cabelos,(11) 99743-3061
aruja,grande são paulo,sp,salao de beleza,Royal Face,(11) 99938-7039
aruja,grande são paulo,sp,salao de beleza,Studio de Sobrancelhas | AlineF,(11) 98462-7843
aruja,grande são paulo,sp,salao de beleza,Studio Rosangela Prado,(11) 94578-6177
aruja,grande são paulo,sp,salao de beleza,Neifi Beauty,(11) 95890-9029
aruja,grande são paulo,sp,salao de beleza,Cachos da Mena,(11) 94309-5226
aruja,grande são paulo,sp,salao de beleza,STUDIO JOICE SILVA,(11) 93433-4220
aruja,grande são paulo,sp,cabelereira ,Evandro Diniz Studio Hair,(11) 96060-8100
aruja,grande são paulo,sp,cabelereira ,Estilo Vital Arujá,(11) 93939-8183
aruja,grande são paulo,sp,cabelereira ,Karina Alves Studio de Hair,(11) 99394-9718
aruja,grande são paulo,sp,cabelereira ,Nety Fashion Hair,(11) 97391-2315
aruja,grande são paulo,sp,cabelereira ,STUDIO YARA HAIR,(11) 95559-4010
aruja,grande são paulo,sp,cabelereira ,Studio Andressa Rodrigues,(11) 94464-8863
aruja,grande são paulo,sp,cabelereira ,Essência Cabeleireiros,(11) 96287-9601
aruja,grande são paulo,sp,cabelereira ,Salão D'ellas,(11) 99731-0580
aruja,grande são paulo,sp,cabelereira ,DG Martins - Maquiador | Penteador | Colorista - Arujá/SP,(11) 94506-4465
aruja,grande são paulo,sp,cabelereira ,Lopes Cabeleireiros,(11) 98411-8451
aruja,grande são paulo,sp,cabelereira ,Maira BeautySpace,(11) 96471-2052
aruja,grande são paulo,sp,cabelereira ,Marilene Lopes Hair Coiffer,(11) 93390-6817
aruja,grande são paulo,sp,cabelereira ,Espaço Hair Verônica Rosa ‍ ️,(11) 99288-6739
aruja,grande são paulo,sp,cabelereira ,Laysla Cabeleireira Unisex,(11) 97138-6288
aruja,grande são paulo,sp,cabelereira ,Salão de beleza Martinha,(11) 98793-7729
aruja,grande são paulo,sp,cabelereira ,Auto Estima Cabeleireiro,(11) 96378-2150
aruja,grande são paulo,sp,cabelereira ,Kauane Costa Cabeleireira,(11) 93222-1649
aruja,grande são paulo,sp,cabelereira ,"Clínica de Estética Facial e Corporal, By Karina Silva e Salão de Beleza - Studio KS Hair / Arujá - SP",(11) 99730-5610
aruja,grande são paulo,sp,spa,Spaço Cuide Se Arujá,(11) 94777-0200
aruja,grande são paulo,sp,spa,Spa Lara Ribeiro,(11) 96246-5636
aruja,grande são paulo,sp,spa,La Bella Vita SPA,(11) 96309-4428
aruja,grande são paulo,sp,spa,"Chá, Papo & Terapia - Massagem Relaxante e Terapias Holísticas",(11) 94315-7717
aruja,grande são paulo,sp,spa,Spa By Stephanin,(11) 99528-6789
aruja,grande são paulo,sp,spa,Spa Blessed,(11) 99786-8826
aruja,grande são paulo,sp,spa,Clínica For You,(11) 99991-8820
aruja,grande são paulo,sp,spa,Clínica de Estética avançada_ Arujá - Viviane Luizi,(11) 95074-9257
aruja,grande são paulo,sp,spa,Mansão Beleza by Erica Reis,(11) 95452-7845
aruja,grande são paulo,sp,spa,Claudia Natividade Spa,(11) 95706-0852
aruja,grande são paulo,sp,spa,Dra Cíntia Mitri - Fisioterapeuta - Arujá - Pós-Operatório de Cirurgia Plástica e bucomaxilofacial - Ozônioterapia,(11) 94631-0506
aruja,grande são paulo,sp,spa,Isiss Clínica,(11) 95520-0585
aruja,grande são paulo,sp,spa,Ana Nery Manicure,(11) 93536-1224
aruja,grande são paulo,sp,spa,MC( Saúde e Beleza) cecilia nunes.,(11) 95038-4577
aruja,grande são paulo,sp,spa,Clínica de Estética Carol Lima,(11) 95845-1995
guararema,grande são paulo,sp,salao de beleza,Entoni Monteiro Hair Studio,(11) 99796-5070
guararema,grande são paulo,sp,salao de beleza,Espaço Amigas da Beleza Guararema,(11) 99468-1616
guararema,grande são paulo,sp,salao de beleza,Salão Novo Visual guararema,(11) 94253-3745
guararema,grande são paulo,sp,salao de beleza,Stúdio Therapy Hair,(11) 97226-4761
guararema,grande são paulo,sp,salao de beleza,A Beleza e Arte Para Ser Apreciada,(11) 97551-8179
guararema,grande são paulo,sp,salao de beleza,Ruth Peres Saúde e Beleza,(11) 94822-2469
guararema,grande são paulo,sp,salao de beleza,Sandra Prado Salão de Beleza,(11) 95320-7622
guararema,grande são paulo,sp,salao de beleza,Isa Tranças - Conceito e Beleza ✨,(11) 91476-2322
guararema,grande são paulo,sp,salao de beleza,Salão de beleza Edna Regina,(11) 94666-2103
guararema,grande são paulo,sp,salao de beleza,Ariane Lage Beauty,(11) 99878-5407
guararema,grande são paulo,sp,salao de beleza,Carla Narciso Beauty & Hair,(11) 95069-4411
guararema,grande são paulo,sp,salao de beleza,Casa da Beleza Guararema,(11) 95789-9722
guararema,grande são paulo,sp,salao de beleza,Espaço Moça Bonita,(11) 96831-0454
guararema,grande são paulo,sp,salao de beleza,Cabeleireira Studio Pâmela Martins Parateí Guararema,(11) 94293-9715
guararema,grande são paulo,sp,salao de beleza,FR Studio Hair,(11) 94117-5438
guararema,grande são paulo,sp,salao de beleza,Espaço Dellas Érica Espíndola,(11) 94380-9068
guararema,grande são paulo,sp,salao de beleza,Cátia Magrini - Studio Hair,(11) 96985-1210
guararema,grande são paulo,sp,salao de beleza,Espaço Bella Guararema,(11) 95042-3685
guararema,grande são paulo,sp,salao de beleza,Stilo Bellla (bruno),(11) 96186-5030
guararema,grande são paulo,sp,salao de beleza,Studio Rosângela Castro,(11) 94216-8469
guararema,grande são paulo,sp,salao de beleza,Andréia Batista nails,(11) 94335-2828
guararema,grande são paulo,sp,salao de beleza,Esmalteria Jessica Carol,(11) 95440-2293
guararema,grande são paulo,sp,salao de beleza,Daianesouzastudiodebeleza,(11) 99725-6823
guararema,grande são paulo,sp,salao de beleza,Extensão de Cílios,(11) 95118-9060
guararema,grande são paulo,sp,salao de beleza,SANDRA SOARES ESTETICA GUARAREMA,(11) 99189-1813
guararema,grande são paulo,sp,salao de beleza,Bella Vita Estética,(11) 96512-9292
guararema,grande são paulo,sp,salao de beleza,Studio D' Débora Ramos,(11) 94226-1928
guararema,grande são paulo,sp,salao de beleza,Espaço Mãos e Pés Gislaine,(11) 99641-8375
guararema,grande são paulo,sp,salao de beleza,Flávia Matheus,(11) 91302-8859
guararema,grande são paulo,sp,salao de beleza,Kimberly Nails,(11) 93337-1007
guararema,grande são paulo,sp,salao de beleza,"Camila Leopoldino Studio Sobrancelha, Micropigmentação, Depilação Facial, Cilíos",(11) 99720-0768
guararema,grande são paulo,sp,salao de beleza,Espaço Flor de Lis,(11) 94494-6075
guararema,grande são paulo,sp,salao de beleza,Studio Roberta Cogonhesi,(11) 97090-7873
guararema,grande são paulo,sp,salao de beleza,Cabelaria Tesourart II Gerações,(11) 97286-8426
guararema,grande são paulo,sp,salao de beleza,Lais Montteiro Beauty,(11) 97868-7524
guararema,grande são paulo,sp,salao de beleza,Silvana Espaço e Beleza,(11) 99782-4169
guararema,grande são paulo,sp,salao de beleza,Unhas da Fla,(11) 99810-1320
guararema,grande são paulo,sp,salao de beleza,Ane & Deh Beauty,(11) 99802-5239
guararema,grande são paulo,sp,salao de beleza,Geo Quirino Nails,(11) 91059-4887
guararema,grande são paulo,sp,salao de beleza,Kezia Reis Hair Stylist,(11) 99632-3781
guararema,grande são paulo,sp,salao de beleza,Natyramaldeshairspecialist,(11) 99774-3106
guararema,grande são paulo,sp,salao de beleza,Studio Andressa Policarpo,(11) 94214-9092
guararema,grande são paulo,sp,salao de beleza,Beleza Orgânica Studio Hair,(11) 98305-9601
guararema,grande são paulo,sp,salao de beleza,Studio Dondoka Beauty,(11) 99789-2253
guararema,grande são paulo,sp,salao de beleza,Val Manicure,(11) 94120-5881
guararema,grande são paulo,sp,salao de beleza,Lê Designer,(11) 98244-5115
guararema,grande são paulo,sp,salao de beleza,Rafaela Cardoso - Estética e cuidados corporais,(11) 95636-4833
guararema,grande são paulo,sp,salao de beleza,Arielle Unhas Decoradas,(11) 97562-9627
guararema,grande são paulo,sp,salao de beleza,RINNOVATE SALÃO DE BELEZA,(11) 93074-2066
guararema,grande são paulo,sp,cabelereira ,Jardson Cabeleireiro (Salão Ramos Barbearia desde 1959),(11) 95500-1113
guararema,grande são paulo,sp,cabelereira ,Salão Da Dani,(11) 97130-2840
santa isabel,grande são paulo,sp,salao de beleza,Studio mãos de fada,(11) 93471-5371
santa isabel,grande são paulo,sp,salao de beleza,JP - Studio salão de beleza,(11) 97530-9319
santa isabel,grande são paulo,sp,salao de beleza,Studio de beleza lá belle,(11) 99795-5078
santa isabel,grande são paulo,sp,salao de beleza,- Salão de beleza Studio Suéllen Ribeiro,(11) 94320-8234
santa isabel,grande são paulo,sp,salao de beleza,Exuberância Cabelereiras Unissex | Salão de Beleza em Santa Isabel,(11) 99722-6901
santa isabel,grande são paulo,sp,salao de beleza,MR l Empodere-se,(11) 91946-3542
santa isabel,grande são paulo,sp,salao de beleza,Studio Designer Stéfani Alves,(11) 94374-5780
santa isabel,grande são paulo,sp,salao de beleza,Studioalves.1,(11) 97511-4245
santa isabel,grande são paulo,sp,salao de beleza,Pietro Rodrigues | Extensão de Cílios,(11) 96398-8342
santa isabel,grande são paulo,sp,salao de beleza,Studio Stefany Melo,(11) 99782-9515
santa isabel,grande são paulo,sp,salao de beleza,Studio Toda Boneca,(11) 99209-1673
santa isabel,grande são paulo,sp,salao de beleza,Salão de Beleza Kah Silva,(11) 94346-0920
santa isabel,grande são paulo,sp,salao de beleza,Estúdio Herbert Freitas,(11) 94358-3161
santa isabel,grande são paulo,sp,salao de beleza,Prótese Capilar Alexandre Bozó,(11) 97485-7168
santa isabel,grande são paulo,sp,salao de beleza,Salão Essencial,(11) 96118-6567
santa isabel,grande são paulo,sp,salao de beleza,BIANCA BEAUTY,(11) 93087-4360
santa isabel,grande são paulo,sp,salao de beleza,Studio Rayssa Peres | alongamento de unhas em santa isabel,(11) 93257-5231
santa isabel,grande são paulo,sp,salao de beleza,Studio Latorre,(11) 93246-8934
santa isabel,grande são paulo,sp,salao de beleza,Studio Paola Igarasi @florescerbeautycenter,(11) 97331-6505
santa isabel,grande são paulo,sp,salao de beleza,Studio Freire Beauty / Podologia e Estética,(11) 97249-1770
santa isabel,grande são paulo,sp,salao de beleza,Studio Lúcimara Pires,(11) 97640-0201
santa isabel,grande são paulo,sp,salao de beleza,Esmalteria Mary Prado,(11) 97503-0556
santa isabel,grande são paulo,sp,salao de beleza,Studio Leia Gonçalves,(11) 91436-2316
santa isabel,grande são paulo,sp,salao de beleza,Paloma fernandes,(11) 97386-7595
santa isabel,grande são paulo,sp,salao de beleza,Espaço Rafaela Salles,(11) 94388-9920
santa isabel,grande são paulo,sp,salao de beleza,Dahy Lima Nail Designer,(11) 95254-1763
santa isabel,grande são paulo,sp,salao de beleza,Espaço Belíssima Moda & Beleza,(11) 97250-1062
santa isabel,grande são paulo,sp,salao de beleza,Espaço Bellas,(11) 97134-5443
santa isabel,grande são paulo,sp,salao de beleza,Espaço da Beleza Tula,(11) 97386-1866
santa isabel,grande são paulo,sp,salao de beleza,Jéssica Caroline Manicure Nail Designer,(11) 96060-1440
santa isabel,grande são paulo,sp,salao de beleza,Studio Fênix estética e beleza,(11) 95663-3995
santa isabel,grande são paulo,sp,salao de beleza,Espaço Belas Unhas,(11) 97399-1915
santa isabel,grande são paulo,sp,salao de beleza,Espaço Bella Rosa,(11) 98097-4952
santa isabel,grande são paulo,sp,salao de beleza,Salão e Beleza,(11) 99812-4913
santa isabel,grande são paulo,sp,salao de beleza,Espaço da Lu,(11) 97385-1935
santa isabel,grande são paulo,sp,salao de beleza,Studio Hélida Beraldo - Alongamento de unhas,(11) 91121-4200
santa isabel,grande são paulo,sp,salao de beleza,ESPAÇO ILUS,(11) 97147-7532
santa isabel,grande são paulo,sp,salao de beleza,Studio Lulu Alves,(11) 97598-9304
santa isabel,grande são paulo,sp,salao de beleza,Jaqueline Carvalho | Manicure e Pedicure - Santa Isabel- SP,(11) 93470-1277
santa isabel,grande são paulo,sp,salao de beleza,Josi nail desinger,(11) 99740-8341
santa isabel,grande são paulo,sp,salao de beleza,Cris Hair,(11) 96022-7687
santa isabel,grande são paulo,sp,salao de beleza,Studio Rafaela Mello nails design,(11) 96852-0789
santa isabel,grande são paulo,sp,salao de beleza,Luzia Cabeleireira,(11) 97157-5160
santa isabel,grande são paulo,sp,salao de beleza,Nandasilvanails,(11) 99726-7243
santa isabel,grande são paulo,sp,salao de beleza,Designer Jhenifer Nathália,(11) 99109-0469
santa isabel,grande são paulo,sp,cabelereira ,Cláudia Germano Especialista em Loiro,(11) 99764-7088
santa isabel,grande são paulo,sp,cabelereira ,Cabeleireira Henriqueta,(11) 99804-4532
santa isabel,grande são paulo,sp,cabelereira ,Studio florescer,(11) 94762-3085
santa isabel,grande são paulo,sp,cabelereira ,Espaço Andréia de Paula / Podologia Estética e Beleza,(11) 99873-9102
santa isabel,grande são paulo,sp,cabelereira ,império da beleza,(11) 99599-7262
